{"latlon": {"west": -102.13870185069774, "east": -101.95153562740347, "north": 19.6928659483207, "south": 19.509240261837252}, "pixel": {"west": 2000, "east": 4000, "north": 0, "south": 2000}}