{"latlon": {"west": -101.94468952979024, "east": -101.75759891192662, "north": 19.870204963968263, "south": 19.686381743386345}, "pixel": {"west": 0, "east": 2000, "north": 2000, "south": 4000}}