{"latlon": {"west": -101.19050093969113, "east": -101.10371933171298, "north": 19.49480404589032, "south": 19.224130754335203}, "pixel": {"west": 4000, "east": 4980, "north": 10000, "south": 12980}}