{"latlon": {"west": -101.19470346301557, "east": -101.10795283605485, "north": 19.31445934961828, "south": 19.043799219599475}, "pixel": {"west": 6000, "east": 6980, "north": 10000, "south": 12980}}