{"latlon": {"west": -101.3766565695108, "east": -101.19050093969113, "north": 19.679091331777183, "south": 19.49480404589032}, "pixel": {"west": 2000, "east": 4000, "north": 8000, "south": 10000}}