{"latlon": {"west": -101.57471868478449, "east": -101.38863835071663, "north": 19.322000277160335, "south": 19.137940410426552}, "pixel": {"west": 6000, "east": 8000, "north": 6000, "south": 8000}}