{"latlon": {"west": -102.14505119632412, "east": -101.95823128009911, "north": 19.331830804379624, "south": 19.148258912457337}, "pixel": {"west": 6000, "east": 8000, "north": 0, "south": 2000}}