{"latlon": {"west": -102.14817313841985, "east": -101.9615231623541, "north": 19.151307123360798, "south": 18.967762082106095}, "pixel": {"west": 8000, "east": 10000, "north": 0, "south": 2000}}