{"latlon": {"west": -101.38863835071663, "east": -101.20296864647283, "north": 19.137940410426552, "south": 18.95375670166886}, "pixel": {"west": 8000, "east": 10000, "north": 8000, "south": 10000}}