{"latlon": {"west": -102.14189415975629, "east": -101.95490216416675, "north": 19.512350424027687, "south": 19.328751650665293}, "pixel": {"west": 4000, "east": 6000, "north": 0, "south": 2000}}