{"latlon": {"west": -101.75759891192662, "east": -101.57093372854592, "north": 19.686381743386345, "south": 19.50242090296235}, "pixel": {"west": 2000, "east": 4000, "north": 4000, "south": 6000}}