{"latlon": {"west": -101.20296864647283, "east": -101.11213886292546, "north": 18.95375670166886, "south": 18.863463270042406}, "pixel": {"west": 10000, "east": 10980, "north": 10000, "south": 10980}}