{"latlon": {"west": -101.95153562740347, "east": -101.7647905524064, "north": 19.509240261837252, "south": 19.32547475079856}, "pixel": {"west": 4000, "east": 6000, "north": 2000, "south": 4000}}