{"latlon": {"west": -102.13547408867313, "east": -101.94813148006529, "north": 19.87337734337425, "south": 19.689724711173614}, "pixel": {"west": 0, "east": 2000, "north": 0, "south": 2000}}