{"latlon": {"west": -101.95490216416675, "east": -101.76832665502643, "north": 19.328751650665293, "south": 19.145014941354496}, "pixel": {"west": 6000, "east": 8000, "north": 2000, "south": 4000}}