{"latlon": {"west": -101.56323676383398, "east": -101.3766565695108, "north": 19.863249195649416, "south": 19.679091331777183}, "pixel": {"west": 0, "east": 2000, "north": 6000, "south": 8000}}