{"latlon": {"west": -101.1862514812405, "east": -101.09943811277883, "north": 19.67514427223788, "south": 19.4044578350651}, "pixel": {"west": 2000, "east": 2980, "north": 10000, "south": 12980}}