{"latlon": {"west": -101.37257327255787, "east": -101.1862514812405, "north": 19.85946617405997, "south": 19.67514427223788}, "pixel": {"west": 0, "east": 2000, "north": 8000, "south": 10000}}