{"latlon": {"west": -101.7647905524064, "east": -101.5784615754048, "north": 19.32547475079856, "south": 19.141575380473018}, "pixel": {"west": 6000, "east": 8000, "north": 4000, "south": 6000}}