{"latlon": {"west": -101.94813148006529, "east": -101.76121470518704, "north": 19.689724711173614, "south": 19.50593036336471}, "pixel": {"west": 2000, "east": 4000, "north": 2000, "south": 4000}}