{"latlon": {"west": -101.18195484805283, "east": -101.09510893884756, "north": 19.855479990148858, "south": 19.584780422664828}, "pixel": {"west": 0, "east": 980, "north": 10000, "south": 12980}}