{"latlon": {"west": -101.76832665502643, "east": -101.58216261060886, "north": 19.145014941354496, "south": 18.96114624956487}, "pixel": {"west": 8000, "east": 10000, "north": 4000, "south": 6000}}