{"latlon": {"west": -101.5784615754048, "east": -101.39254365709273, "north": 19.141575380473018, "south": 18.95754809699223}, "pixel": {"west": 8000, "east": 10000, "north": 6000, "south": 8000}}