{"latlon": {"west": -101.76121470518704, "east": -101.57471868478449, "north": 19.50593036336471, "south": 19.322000277160335}, "pixel": {"west": 4000, "east": 6000, "north": 4000, "south": 6000}}