{"latlon": {"west": -101.7539429684045, "east": -101.5671064935789, "north": 19.866828855283547, "south": 19.682837221293923}, "pixel": {"west": 0, "east": 2000, "north": 4000, "south": 6000}}