{"latlon": {"west": -101.57093372854592, "east": -101.38468888229293, "north": 19.50242090296235, "south": 19.318328412441428}, "pixel": {"west": 4000, "east": 6000, "north": 6000, "south": 8000}}