{"latlon": {"west": -101.38468888229293, "east": -101.19885928756655, "north": 19.318328412441428, "south": 19.134110221997773}, "pixel": {"west": 6000, "east": 8000, "north": 8000, "south": 10000}}