{"latlon": {"west": -101.5671064935789, "east": -101.38069503014025, "north": 19.682837221293923, "south": 19.498712065409972}, "pixel": {"west": 2000, "east": 4000, "north": 6000, "south": 8000}}