{"latlon": {"west": -101.19885928756655, "east": -101.11213886292546, "north": 19.134110221997773, "south": 18.863463270042406}, "pixel": {"west": 8000, "east": 8980, "north": 10000, "south": 12980}}