{"latlon": {"west": -101.95823128009911, "east": -101.77182321173925, "north": 19.148258912457337, "south": 18.964550970785556}, "pixel": {"west": 8000, "east": 10000, "north": 2000, "south": 4000}}