{"latlon": {"west": -101.38069503014025, "east": -101.19470346301557, "north": 19.498712065409972, "south": 19.31445934961828}, "pixel": {"west": 4000, "east": 6000, "north": 8000, "south": 10000}}